Warehouse id,SKU id,Date,Sales
Wh-1,SKU-1,2021-06-01,8.5293665
Wh-1,SKU-2,2021-06-01,42.883358
Wh-1,SKU-3,2021-06-01,2.4148402
Wh-1,SKU-4,2021-06-01,93.89932
Wh-1,SKU-5,2021-06-01,462.21564
Wh-1,SKU-6,2021-06-01,4.1465
Wh-1,SKU-7,2021-06-01,656.91986
Wh-1,SKU-8,2021-06-01,717.18036
Wh-1,SKU-9,2021-06-01,394.7608
Wh-1,SKU-10,2021-06-01,690.52
Wh-1,SKU-11,2021-06-01,59.89822
Wh-1,SKU-12,2021-06-01,69.042625
Wh-1,SKU-13,2021-06-01,2390.0757
Wh-1,SKU-14,2021-06-01,116.289665
Wh-1,SKU-15,2021-06-01,122.1789
Wh-1,SKU-16,2021-06-01,138.1279
Wh-1,SKU-17,2021-06-01,3177.151
Wh-1,SKU-18,2021-06-01,218.62909
Wh-1,SKU-19,2021-06-01,24.24408
Wh-1,SKU-20,2021-06-01,41.619923
Wh-1,SKU-21,2021-06-01,179.08968
Wh-1,SKU-22,2021-06-01,21.500357
Wh-1,SKU-23,2021-06-01,103.7382
Wh-1,SKU-24,2021-06-01,24.000576
Wh-1,SKU-25,2021-06-01,24.716906
Wh-1,SKU-26,2021-06-01,25.52385
Wh-1,SKU-27,2021-06-01,43.16463
Wh-1,SKU-28,2021-06-01,33.680264
Wh-1,SKU-29,2021-06-01,70.257286
Wh-1,SKU-30,2021-06-01,302.31738
Wh-1,SKU-31,2021-06-01,59.94888
Wh-1,SKU-32,2021-06-01,75.06752
Wh-1,SKU-33,2021-06-01,34.52759
Wh-1,SKU-34,2021-06-01,139.20888
Wh-1,SKU-35,2021-06-01,17.913092
Wh-1,SKU-36,2021-06-01,304.85632
Wh-1,SKU-37,2021-06-01,230.34045
Wh-1,SKU-38,2021-06-01,231.76822
Wh-1,SKU-39,2021-06-01,893.83325
Wh-1,SKU-40,2021-06-01,227.41093
Wh-1,SKU-41,2021-06-01,44.699142
Wh-1,SKU-42,2021-06-01,88.084335
Wh-1,SKU-43,2021-06-01,86.14346
Wh-1,SKU-44,2021-06-01,196.05074
Wh-1,SKU-45,2021-06-01,157.33905
Wh-1,SKU-46,2021-06-01,122.73013
Wh-1,SKU-47,2021-06-01,1774.7816
Wh-1,SKU-48,2021-06-01,72.879654
Wh-1,SKU-49,2021-06-01,540.1422
Wh-1,SKU-50,2021-06-01,164.86076
Wh-1,SKU-51,2021-06-01,862.1637
Wh-1,SKU-52,2021-06-01,81.32264
Wh-1,SKU-53,2021-06-01,205.76328
Wh-1,SKU-54,2021-06-01,291.27905
Wh-1,SKU-55,2021-06-01,217.50323
Wh-1,SKU-56,2021-06-01,561.86334
Wh-1,SKU-57,2021-06-01,162.4256
Wh-1,SKU-58,2021-06-01,46.055668
Wh-1,SKU-59,2021-06-01,133.02786
Wh-1,SKU-60,2021-06-01,12.488164
Wh-1,SKU-61,2021-06-01,-106.1311
Wh-1,SKU-62,2021-06-01,99.38503
Wh-1,SKU-63,2021-06-01,65.29174
Wh-1,SKU-64,2021-06-01,37.2042
Wh-1,SKU-65,2021-06-01,35.747665
Wh-1,SKU-66,2021-06-01,83.96192
Wh-1,SKU-67,2021-06-01,97.04089
Wh-1,SKU-68,2021-06-01,127.095314
Wh-1,SKU-69,2021-06-01,162.2119
Wh-1,SKU-70,2021-06-01,543.563
Wh-1,SKU-71,2021-06-01,47.575348
Wh-1,SKU-72,2021-06-01,201.05023
Wh-1,SKU-73,2021-06-01,34.641617
Wh-1,SKU-74,2021-06-01,154.5026
Wh-1,SKU-75,2021-06-01,33.597153
Wh-1,SKU-76,2021-06-01,20.019447
Wh-1,SKU-77,2021-06-01,353.25937
Wh-1,SKU-78,2021-06-01,234.37015
Wh-1,SKU-79,2021-06-01,528.7471
Wh-1,SKU-80,2021-06-01,192.24532
Wh-1,SKU-81,2021-06-01,31.042936
Wh-1,SKU-82,2021-06-01,17.78796
Wh-1,SKU-83,2021-06-01,11.374889
Wh-1,SKU-84,2021-06-01,4080.6487
Wh-1,SKU-85,2021-06-01,4412.69
Wh-1,SKU-86,2021-06-01,51.360344
Wh-1,SKU-87,2021-06-01,7.4999976
Wh-1,SKU-88,2021-06-01,233.37
Wh-1,SKU-89,2021-06-01,75.04171
Wh-1,SKU-90,2021-06-01,259.28162
Wh-1,SKU-91,2021-06-01,45.401066
Wh-1,SKU-92,2021-06-01,95.00741
Wh-1,SKU-93,2021-06-01,37.02305
Wh-1,SKU-94,2021-06-01,52.59147
Wh-1,SKU-95,2021-06-01,15.788542
Wh-1,SKU-96,2021-06-01,38.47736
Wh-1,SKU-97,2021-06-01,344.7895
Wh-1,SKU-98,2021-06-01,66.90756
Wh-1,SKU-99,2021-06-01,19.3577
Wh-1,SKU-100,2021-06-01,234.39561
Wh-1,SKU-101,2021-06-01,328.2917
Wh-1,SKU-102,2021-06-01,126.43157
Wh-1,SKU-103,2021-06-01,96.3721
Wh-1,SKU-104,2021-06-01,154.08604
Wh-1,SKU-105,2021-06-01,29.283092
Wh-1,SKU-106,2021-06-01,1436.6854
Wh-1,SKU-107,2021-06-01,377.90497
Wh-1,SKU-108,2021-06-01,418.18744
Wh-1,SKU-109,2021-06-01,65.0366
Wh-1,SKU-110,2021-06-01,20.804502
Wh-1,SKU-111,2021-06-01,4.174911
Wh-1,SKU-112,2021-06-01,8.374371
Wh-1,SKU-113,2021-06-01,112.83386
Wh-1,SKU-114,2021-06-01,15.778537
Wh-1,SKU-115,2021-06-01,75.84789
Wh-1,SKU-116,2021-06-01,4.700235
Wh-1,SKU-117,2021-06-01,4.857598
Wh-1,SKU-118,2021-06-01,2.0531242
Wh-1,SKU-119,2021-06-01,266.74304
Wh-1,SKU-120,2021-06-01,129.42958
Wh-1,SKU-121,2021-06-01,834.65485
Wh-1,SKU-122,2021-06-01,33.95204
Wh-1,SKU-123,2021-06-01,8.98069
Wh-1,SKU-124,2021-06-01,3128.5312
Wh-1,SKU-125,2021-06-01,312.94836
Wh-1,SKU-126,2021-06-01,23.656607
Wh-1,SKU-127,2021-06-01,141.59892
Wh-1,SKU-128,2021-06-01,124.059944
Wh-1,SKU-129,2021-06-01,20.085993
Wh-1,SKU-130,2021-06-01,5.4863434
Wh-1,SKU-131,2021-06-01,201.24559
Wh-1,SKU-132,2021-06-01,472.48245
Wh-1,SKU-133,2021-06-01,971.31696
Wh-1,SKU-134,2021-06-01,537.7094
Wh-1,SKU-135,2021-06-01,149.7502
Wh-1,SKU-136,2021-06-01,333.68185
Wh-1,SKU-137,2021-06-01,2293.7334
Wh-1,SKU-138,2021-06-01,73.644264
Wh-1,SKU-139,2021-06-01,478.1481
Wh-1,SKU-140,2021-06-01,1140.3992
Wh-1,SKU-141,2021-06-01,37.31018
Wh-1,SKU-142,2021-06-01,60.79141
Wh-1,SKU-143,2021-06-01,22.014538
Wh-1,SKU-144,2021-06-01,47.659843
Wh-1,SKU-145,2021-06-01,160.60463
Wh-1,SKU-146,2021-06-01,259.3634
Wh-1,SKU-147,2021-06-01,314.0227
Wh-1,SKU-148,2021-06-01,497.55228
Wh-1,SKU-149,2021-06-01,325.41458
Wh-1,SKU-150,2021-06-01,2057.248
Wh-1,SKU-151,2021-06-01,983.6845
Wh-1,SKU-152,2021-06-01,650.3444
Wh-1,SKU-153,2021-06-01,9.021174
Wh-1,SKU-154,2021-06-01,30.751303
Wh-1,SKU-155,2021-06-01,8.272514
Wh-1,SKU-156,2021-06-01,20.014894
Wh-1,SKU-157,2021-06-01,218.72388
Wh-1,SKU-158,2021-06-01,17.957981
Wh-1,SKU-159,2021-06-01,2.5982668
Wh-1,SKU-160,2021-06-01,222.93073
Wh-1,SKU-161,2021-06-01,28.510584
Wh-1,SKU-162,2021-06-01,8.0001745
Wh-1,SKU-163,2021-06-01,16.666925
Wh-1,SKU-164,2021-06-01,8.250148
Wh-1,SKU-165,2021-06-01,22.742693
Wh-1,SKU-166,2021-06-01,56.953526
Wh-1,SKU-167,2021-06-01,12.1266365
Wh-1,SKU-168,2021-06-01,23.784527
Wh-1,SKU-169,2021-06-01,4.4007044
Wh-1,SKU-170,2021-06-01,5.8366623
Wh-1,SKU-171,2021-06-01,26.858574
Wh-1,SKU-172,2021-06-01,16.0
Wh-1,SKU-173,2021-06-01,233.0357
Wh-1,SKU-174,2021-06-01,9.645727
Wh-1,SKU-175,2021-06-01,3.476237
Wh-1,SKU-176,2021-06-01,1.0
Wh-1,SKU-177,2021-06-01,65.88037
Wh-1,SKU-178,2021-06-01,218.28839
Wh-1,SKU-179,2021-06-01,178.10419
Wh-1,SKU-180,2021-06-01,3.787204
Wh-1,SKU-181,2021-06-01,8.045472
Wh-1,SKU-182,2021-06-01,149.5532
Wh-1,SKU-183,2021-06-01,9.138859
Wh-1,SKU-184,2021-06-01,17.266672
Wh-1,SKU-185,2021-06-01,44.16772
Wh-1,SKU-186,2021-06-01,71.33838
Wh-1,SKU-187,2021-06-01,4.1887894
Wh-1,SKU-188,2021-06-01,40.904827
Wh-1,SKU-189,2021-06-01,86.304245
Wh-1,SKU-190,2021-06-01,507.48367
Wh-1,SKU-191,2021-06-01,21.52432
Wh-1,SKU-192,2021-06-01,17.89713
Wh-1,SKU-193,2021-06-01,25.35487
Wh-1,SKU-194,2021-06-01,531.6024
Wh-1,SKU-195,2021-06-01,29.204496
Wh-1,SKU-196,2021-06-01,88.97003
Wh-1,SKU-197,2021-06-01,158.75955
Wh-1,SKU-198,2021-06-01,42.580887
Wh-1,SKU-199,2021-06-01,197.0102
Wh-1,SKU-200,2021-06-01,59.41156
Wh-1,SKU-201,2021-06-01,16.818535
Wh-1,SKU-202,2021-06-01,132.3838
Wh-1,SKU-203,2021-06-01,48.913136
Wh-1,SKU-204,2021-06-01,341.16306
Wh-1,SKU-205,2021-06-01,192.62389
Wh-1,SKU-206,2021-06-01,2375.5906
Wh-1,SKU-207,2021-06-01,27.229437
Wh-1,SKU-208,2021-06-01,19.33335
Wh-1,SKU-209,2021-06-01,44.19153
Wh-1,SKU-210,2021-06-01,168.07434
Wh-1,SKU-211,2021-06-01,2833.183
Wh-1,SKU-212,2021-06-01,322.96878
Wh-1,SKU-213,2021-06-01,18.265957
Wh-1,SKU-214,2021-06-01,3.0253105
Wh-1,SKU-215,2021-06-01,635.39044
Wh-1,SKU-216,2021-06-01,45.120003
Wh-1,SKU-217,2021-06-01,25.030647
Wh-1,SKU-218,2021-06-01,9.072207
Wh-1,SKU-219,2021-06-01,21.480644
Wh-1,SKU-220,2021-06-01,29.475796
Wh-1,SKU-221,2021-06-01,52.183796
Wh-1,SKU-222,2021-06-01,123.16219
Wh-1,SKU-223,2021-06-01,12.562394
Wh-1,SKU-224,2021-06-01,541.15375
Wh-1,SKU-225,2021-06-01,649.1194
Wh-1,SKU-226,2021-06-01,307.51636
Wh-1,SKU-227,2021-06-01,17.044634
Wh-1,SKU-228,2021-06-01,88.72948
Wh-1,SKU-229,2021-06-01,26.294392
Wh-1,SKU-230,2021-06-01,182.32361
Wh-1,SKU-231,2021-06-01,20.57742
Wh-1,SKU-232,2021-06-01,54.075
Wh-1,SKU-233,2021-06-01,57.57342
Wh-2,SKU-1,2021-06-01,35.1264
Wh-2,SKU-2,2021-06-01,8.315066
Wh-2,SKU-3,2021-06-01,9.724638
Wh-2,SKU-4,2021-06-01,12.43368
Wh-2,SKU-5,2021-06-01,220.66724
Wh-2,SKU-6,2021-06-01,30.742935
Wh-2,SKU-7,2021-06-01,339.01968
Wh-2,SKU-403,2021-06-01,3.2662964
Wh-2,SKU-8,2021-06-01,802.86383
Wh-2,SKU-234,2021-06-01,335.38013
Wh-2,SKU-9,2021-06-01,164.31956
Wh-2,SKU-10,2021-06-01,81.3843
Wh-2,SKU-13,2021-06-01,381.96484
Wh-2,SKU-17,2021-06-01,162.36201
Wh-2,SKU-20,2021-06-01,25.551697
Wh-2,SKU-352,2021-06-01,69.303116
Wh-2,SKU-21,2021-06-01,123.97706
Wh-2,SKU-22,2021-06-01,28.741016
Wh-2,SKU-23,2021-06-01,132.29092
Wh-2,SKU-24,2021-06-01,62.1616
Wh-2,SKU-25,2021-06-01,49.674755
Wh-2,SKU-26,2021-06-01,26.168339
Wh-2,SKU-27,2021-06-01,43.69733
Wh-2,SKU-28,2021-06-01,8.580249
Wh-2,SKU-29,2021-06-01,23.153957
Wh-2,SKU-30,2021-06-01,51.37137
Wh-2,SKU-31,2021-06-01,104.89528
Wh-2,SKU-32,2021-06-01,360.7985
Wh-2,SKU-33,2021-06-01,95.14044
Wh-2,SKU-237,2021-06-01,45.58214
Wh-2,SKU-34,2021-06-01,50.425262
Wh-2,SKU-239,2021-06-01,163.4173
Wh-2,SKU-240,2021-06-01,65.260735
Wh-2,SKU-36,2021-06-01,115.347244
Wh-2,SKU-37,2021-06-01,253.234
Wh-2,SKU-39,2021-06-01,103.528244
Wh-2,SKU-40,2021-06-01,121.70215
Wh-2,SKU-41,2021-06-01,106.73318
Wh-2,SKU-44,2021-06-01,32.352074
Wh-2,SKU-45,2021-06-01,49.52751
Wh-2,SKU-47,2021-06-01,122.21292
Wh-2,SKU-50,2021-06-01,27.110199
Wh-2,SKU-51,2021-06-01,187.45424
Wh-2,SKU-53,2021-06-01,299.90308
Wh-2,SKU-56,2021-06-01,310.42337
Wh-2,SKU-57,2021-06-01,209.26532
Wh-2,SKU-59,2021-06-01,4.8010697
Wh-2,SKU-62,2021-06-01,74.95055
Wh-2,SKU-66,2021-06-01,465.4959
Wh-2,SKU-67,2021-06-01,167.98254
Wh-2,SKU-244,2021-06-01,79.137
Wh-2,SKU-69,2021-06-01,3052.982
Wh-2,SKU-70,2021-06-01,117.15458
Wh-2,SKU-71,2021-06-01,83.1195
Wh-2,SKU-72,2021-06-01,113.61999
Wh-2,SKU-73,2021-06-01,63.2357
Wh-2,SKU-328,2021-06-01,170.5229
Wh-2,SKU-76,2021-06-01,74.50108
Wh-2,SKU-77,2021-06-01,19.750166
Wh-2,SKU-78,2021-06-01,418.0882
Wh-2,SKU-79,2021-06-01,32.597725
Wh-2,SKU-248,2021-06-01,2483.6028
Wh-2,SKU-404,2021-06-01,140.70825
Wh-2,SKU-80,2021-06-01,232.59796
Wh-2,SKU-81,2021-06-01,42.01795
Wh-2,SKU-82,2021-06-01,198.12244
Wh-2,SKU-84,2021-06-01,51.178936
Wh-2,SKU-86,2021-06-01,32.71396
Wh-2,SKU-250,2021-06-01,61.708206
Wh-2,SKU-87,2021-06-01,15.500952
Wh-2,SKU-359,2021-06-01,39.986084
Wh-2,SKU-88,2021-06-01,278.9228
Wh-2,SKU-251,2021-06-01,62.304867
Wh-2,SKU-361,2021-06-01,24.953222
Wh-2,SKU-89,2021-06-01,28.88279
Wh-2,SKU-97,2021-06-01,33.17337
Wh-2,SKU-329,2021-06-01,92.20768
Wh-2,SKU-330,2021-06-01,132.09189
Wh-2,SKU-332,2021-06-01,46.92334
Wh-2,SKU-257,2021-06-01,18.310099
Wh-2,SKU-258,2021-06-01,156.11568
Wh-2,SKU-259,2021-06-01,295.33853
Wh-2,SKU-260,2021-06-01,119.47243
Wh-2,SKU-261,2021-06-01,780.214
Wh-2,SKU-262,2021-06-01,17.61537
Wh-2,SKU-263,2021-06-01,787.75854
Wh-2,SKU-264,2021-06-01,5231.7
Wh-2,SKU-265,2021-06-01,16.34644
Wh-2,SKU-267,2021-06-01,591.3727
Wh-2,SKU-268,2021-06-01,2432.967
Wh-2,SKU-269,2021-06-01,82.73009
Wh-2,SKU-270,2021-06-01,61.02152
Wh-2,SKU-271,2021-06-01,24.802912
Wh-2,SKU-272,2021-06-01,76.68742
Wh-2,SKU-275,2021-06-01,220.83005
Wh-2,SKU-276,2021-06-01,172.74712
Wh-2,SKU-278,2021-06-01,29.323872
Wh-2,SKU-405,2021-06-01,129.08829
Wh-2,SKU-106,2021-06-01,403.66232
Wh-2,SKU-107,2021-06-01,24.87957
Wh-2,SKU-108,2021-06-01,376.77136
Wh-2,SKU-109,2021-06-01,24.768795
Wh-2,SKU-110,2021-06-01,12.159969
Wh-2,SKU-111,2021-06-01,42.62443
Wh-2,SKU-112,2021-06-01,5.0028577
Wh-2,SKU-113,2021-06-01,237.35803
Wh-2,SKU-114,2021-06-01,32.5441
Wh-2,SKU-115,2021-06-01,19.658392
Wh-2,SKU-116,2021-06-01,11.047595
Wh-2,SKU-117,2021-06-01,16.05285
Wh-2,SKU-118,2021-06-01,3.6298614
Wh-2,SKU-119,2021-06-01,49.94074
Wh-2,SKU-120,2021-06-01,722.75665
Wh-2,SKU-287,2021-06-01,599.25586
Wh-2,SKU-337,2021-06-01,146.59221
Wh-2,SKU-121,2021-06-01,288.52536
Wh-2,SKU-288,2021-06-01,58.79753
Wh-2,SKU-123,2021-06-01,1091.7657
Wh-2,SKU-289,2021-06-01,73.542534
Wh-2,SKU-406,2021-06-01,-2.715033
Wh-2,SKU-407,2021-06-01,18.434769
Wh-2,SKU-124,2021-06-01,46.547577
Wh-2,SKU-338,2021-06-01,40.982098
Wh-2,SKU-408,2021-06-01,21.683558
Wh-2,SKU-339,2021-06-01,11.800141
Wh-2,SKU-340,2021-06-01,388.49207
Wh-2,SKU-125,2021-06-01,3114.1145
Wh-2,SKU-126,2021-06-01,74.994316
Wh-2,SKU-127,2021-06-01,235.2319
Wh-2,SKU-342,2021-06-01,141.51912
Wh-2,SKU-291,2021-06-01,8.778173
Wh-2,SKU-343,2021-06-01,128.8916
Wh-2,SKU-292,2021-06-01,76.55395
Wh-2,SKU-409,2021-06-01,54.612015
Wh-2,SKU-132,2021-06-01,1256.613
Wh-2,SKU-133,2021-06-01,2050.1284
Wh-2,SKU-134,2021-06-01,458.04935
Wh-2,SKU-344,2021-06-01,228.4277
Wh-2,SKU-410,2021-06-01,39.000305
Wh-2,SKU-138,2021-06-01,115.876495
Wh-2,SKU-139,2021-06-01,66.71853
Wh-2,SKU-140,2021-06-01,1290.5934
Wh-2,SKU-141,2021-06-01,1939.5945
Wh-2,SKU-345,2021-06-01,729.58374
Wh-2,SKU-411,2021-06-01,38.33228
Wh-2,SKU-412,2021-06-01,139.25607
Wh-2,SKU-144,2021-06-01,74.40033
Wh-2,SKU-146,2021-06-01,530.0062
Wh-2,SKU-386,2021-06-01,125.69464
Wh-2,SKU-147,2021-06-01,324.00006
Wh-2,SKU-293,2021-06-01,241.26312
Wh-2,SKU-148,2021-06-01,289.83002
Wh-2,SKU-149,2021-06-01,1953.795
Wh-2,SKU-387,2021-06-01,47.199074
Wh-2,SKU-150,2021-06-01,208.58386
Wh-2,SKU-151,2021-06-01,409.79675
Wh-2,SKU-152,2021-06-01,31.944487
Wh-2,SKU-413,2021-06-01,20.503143
Wh-2,SKU-389,2021-06-01,22.97071
Wh-2,SKU-157,2021-06-01,300.6103
Wh-2,SKU-158,2021-06-01,9.834603
Wh-2,SKU-161,2021-06-01,40.83467
Wh-2,SKU-162,2021-06-01,53.730396
Wh-2,SKU-163,2021-06-01,13.640012
Wh-2,SKU-164,2021-06-01,35.83058
Wh-2,SKU-165,2021-06-01,27.455193
Wh-2,SKU-166,2021-06-01,31.026829
Wh-2,SKU-167,2021-06-01,48.91545
Wh-2,SKU-297,2021-06-01,49.09389
Wh-2,SKU-172,2021-06-01,2.0
Wh-2,SKU-178,2021-06-01,43.907093
Wh-2,SKU-179,2021-06-01,13.955368
Wh-2,SKU-182,2021-06-01,47.66286
Wh-2,SKU-185,2021-06-01,62.892433
Wh-2,SKU-186,2021-06-01,43.82257
Wh-2,SKU-392,2021-06-01,24.908955
Wh-2,SKU-187,2021-06-01,20.0
Wh-2,SKU-189,2021-06-01,16.577906
Wh-2,SKU-190,2021-06-01,64.14143
Wh-2,SKU-194,2021-06-01,116.89906
Wh-2,SKU-195,2021-06-01,68.46988
Wh-2,SKU-196,2021-06-01,449.8823
Wh-2,SKU-198,2021-06-01,0.1453005
Wh-2,SKU-199,2021-06-01,219.10025
Wh-2,SKU-306,2021-06-01,3.035286
Wh-2,SKU-312,2021-06-01,16.0
Wh-2,SKU-315,2021-06-01,83.59969
Wh-2,SKU-316,2021-06-01,48.83604
Wh-2,SKU-319,2021-06-01,84.17633
Wh-2,SKU-321,2021-06-01,154.64162
Wh-2,SKU-322,2021-06-01,41.540104
Wh-2,SKU-399,2021-06-01,68.92069
Wh-2,SKU-205,2021-06-01,273.97827
Wh-2,SKU-206,2021-06-01,387.02316
Wh-2,SKU-208,2021-06-01,133.88232
Wh-2,SKU-210,2021-06-01,44.440598
Wh-2,SKU-211,2021-06-01,163.83325
Wh-2,SKU-214,2021-06-01,18.349766
Wh-2,SKU-216,2021-06-01,3000.2947
Wh-2,SKU-217,2021-06-01,6.3744173
Wh-2,SKU-414,2021-06-01,64.285034
Wh-2,SKU-219,2021-06-01,54.969044
Wh-2,SKU-220,2021-06-01,459.03705
Wh-2,SKU-221,2021-06-01,190.82872
Wh-2,SKU-224,2021-06-01,67.208206
Wh-2,SKU-225,2021-06-01,121.0712
Wh-2,SKU-226,2021-06-01,30.241617
Wh-2,SKU-230,2021-06-01,56.541466
Wh-2,SKU-231,2021-06-01,21.23701
Wh-2,SKU-232,2021-06-01,14.802813
Wh-2,SKU-233,2021-06-01,23.792625
Wh-2,SKU-415,2021-06-01,33.15908
Wh-3,SKU-1,2021-06-01,88.31998
Wh-3,SKU-2,2021-06-01,80.049416
Wh-3,SKU-3,2021-06-01,38.105946
Wh-3,SKU-4,2021-06-01,33.285053
Wh-3,SKU-5,2021-06-01,221.8361
Wh-3,SKU-6,2021-06-01,22.59764
Wh-3,SKU-350,2021-06-01,60.9765
Wh-3,SKU-7,2021-06-01,156.84508
Wh-3,SKU-8,2021-06-01,103.73529
Wh-3,SKU-234,2021-06-01,13.568255
Wh-3,SKU-9,2021-06-01,142.50551
Wh-3,SKU-10,2021-06-01,429.75125
Wh-3,SKU-13,2021-06-01,413.6143
Wh-3,SKU-17,2021-06-01,338.8704
Wh-3,SKU-327,2021-06-01,13.981788
Wh-3,SKU-19,2021-06-01,30.401312
Wh-3,SKU-351,2021-06-01,65.0819
Wh-3,SKU-236,2021-06-01,32.000618
Wh-3,SKU-20,2021-06-01,14.873148
Wh-3,SKU-352,2021-06-01,36.000843
Wh-3,SKU-353,2021-06-01,5.38081
Wh-3,SKU-21,2021-06-01,49.85778
Wh-3,SKU-22,2021-06-01,14.471141
Wh-3,SKU-23,2021-06-01,29.255125
Wh-3,SKU-24,2021-06-01,55.919243
Wh-3,SKU-25,2021-06-01,94.58922
Wh-3,SKU-26,2021-06-01,106.60585
Wh-3,SKU-27,2021-06-01,153.48898
Wh-3,SKU-28,2021-06-01,14.507565
Wh-3,SKU-29,2021-06-01,79.54307
Wh-3,SKU-30,2021-06-01,231.85936
Wh-3,SKU-31,2021-06-01,49.65621
Wh-3,SKU-32,2021-06-01,95.849625
Wh-3,SKU-33,2021-06-01,148.99176
Wh-3,SKU-237,2021-06-01,25.42454
Wh-3,SKU-34,2021-06-01,32.1343
Wh-3,SKU-239,2021-06-01,11.641134
Wh-3,SKU-240,2021-06-01,39.456707
Wh-3,SKU-354,2021-06-01,849.7211
Wh-3,SKU-35,2021-06-01,25.695873
Wh-3,SKU-36,2021-06-01,28.921003
Wh-3,SKU-241,2021-06-01,64.57252
Wh-3,SKU-37,2021-06-01,36.52814
Wh-3,SKU-38,2021-06-01,68.09254
Wh-3,SKU-39,2021-06-01,475.94754
Wh-3,SKU-40,2021-06-01,116.46119
Wh-3,SKU-41,2021-06-01,36.625908
Wh-3,SKU-355,2021-06-01,18.147282
Wh-3,SKU-243,2021-06-01,58.31083
Wh-3,SKU-42,2021-06-01,112.20211
Wh-3,SKU-43,2021-06-01,99.62177
Wh-3,SKU-44,2021-06-01,43.023354
Wh-3,SKU-356,2021-06-01,53.76957
Wh-3,SKU-45,2021-06-01,89.59163
Wh-3,SKU-46,2021-06-01,134.32607
Wh-3,SKU-47,2021-06-01,643.242
Wh-3,SKU-49,2021-06-01,407.5111
Wh-3,SKU-50,2021-06-01,356.53882
Wh-3,SKU-51,2021-06-01,882.77344
Wh-3,SKU-53,2021-06-01,63.43477
Wh-3,SKU-54,2021-06-01,97.578285
Wh-3,SKU-55,2021-06-01,39.038624
Wh-3,SKU-56,2021-06-01,198.62227
Wh-3,SKU-57,2021-06-01,83.10383
Wh-3,SKU-58,2021-06-01,35.220947
Wh-3,SKU-59,2021-06-01,120.68769
Wh-3,SKU-357,2021-06-01,128.65903
Wh-3,SKU-60,2021-06-01,327.1429
Wh-3,SKU-61,2021-06-01,159.03764
Wh-3,SKU-62,2021-06-01,99.37087
Wh-3,SKU-63,2021-06-01,98.25992
Wh-3,SKU-66,2021-06-01,60.124805
Wh-3,SKU-67,2021-06-01,363.46573
Wh-3,SKU-244,2021-06-01,25.730839
Wh-3,SKU-68,2021-06-01,40.477787
Wh-3,SKU-69,2021-06-01,103.639275
Wh-3,SKU-70,2021-06-01,86.50153
Wh-3,SKU-71,2021-06-01,50.634743
Wh-3,SKU-72,2021-06-01,46.01076
Wh-3,SKU-74,2021-06-01,134.90862
Wh-3,SKU-75,2021-06-01,84.34476
Wh-3,SKU-328,2021-06-01,20.03896
Wh-3,SKU-76,2021-06-01,31.964764
Wh-3,SKU-77,2021-06-01,164.61882
Wh-3,SKU-78,2021-06-01,112.71789
Wh-3,SKU-79,2021-06-01,100.71049
Wh-3,SKU-80,2021-06-01,24.664024
Wh-3,SKU-81,2021-06-01,23.067333
Wh-3,SKU-82,2021-06-01,120.73509
Wh-3,SKU-358,2021-06-01,3.0
Wh-3,SKU-83,2021-06-01,1077.5356
Wh-3,SKU-84,2021-06-01,3003.427
Wh-3,SKU-85,2021-06-01,364.99155
Wh-3,SKU-86,2021-06-01,56.895756
Wh-3,SKU-250,2021-06-01,42.75783
Wh-3,SKU-87,2021-06-01,7.3333354
Wh-3,SKU-359,2021-06-01,107.400055
Wh-3,SKU-88,2021-06-01,72.08497
Wh-3,SKU-360,2021-06-01,22.678825
Wh-3,SKU-251,2021-06-01,204.79874
Wh-3,SKU-361,2021-06-01,20.814096
Wh-3,SKU-89,2021-06-01,64.15545
Wh-3,SKU-90,2021-06-01,17.17801
Wh-3,SKU-91,2021-06-01,14.65911
Wh-3,SKU-92,2021-06-01,17.108055
Wh-3,SKU-93,2021-06-01,33.955284
Wh-3,SKU-94,2021-06-01,7.5338354
Wh-3,SKU-97,2021-06-01,32.31288
Wh-3,SKU-98,2021-06-01,48.14208
Wh-3,SKU-252,2021-06-01,109.23614
Wh-3,SKU-253,2021-06-01,9.548689
Wh-3,SKU-362,2021-06-01,63.01362
Wh-3,SKU-254,2021-06-01,24.53131
Wh-3,SKU-331,2021-06-01,508.96402
Wh-3,SKU-363,2021-06-01,381.14694
Wh-3,SKU-364,2021-06-01,238.13751
Wh-3,SKU-255,2021-06-01,843.35895
Wh-3,SKU-332,2021-06-01,94.395355
Wh-3,SKU-365,2021-06-01,21.229305
Wh-3,SKU-256,2021-06-01,275.77466
Wh-3,SKU-366,2021-06-01,91.29764
Wh-3,SKU-367,2021-06-01,54.835106
Wh-3,SKU-257,2021-06-01,471.03094
Wh-3,SKU-368,2021-06-01,291.4946
Wh-3,SKU-369,2021-06-01,19.0
Wh-3,SKU-370,2021-06-01,178.7373
Wh-3,SKU-371,2021-06-01,158.26064
Wh-3,SKU-258,2021-06-01,583.19257
Wh-3,SKU-372,2021-06-01,182.9787
Wh-3,SKU-373,2021-06-01,6.5239
Wh-3,SKU-259,2021-06-01,37.00196
Wh-3,SKU-260,2021-06-01,22.256683
Wh-3,SKU-261,2021-06-01,232.97218
Wh-3,SKU-262,2021-06-01,81.14843
Wh-3,SKU-263,2021-06-01,328.65823
Wh-3,SKU-264,2021-06-01,2798.1667
Wh-3,SKU-265,2021-06-01,136.37083
Wh-3,SKU-266,2021-06-01,52.443798
Wh-3,SKU-267,2021-06-01,318.24982
Wh-3,SKU-268,2021-06-01,2585.3303
Wh-3,SKU-374,2021-06-01,114.20334
Wh-3,SKU-269,2021-06-01,117.36083
Wh-3,SKU-270,2021-06-01,88.3194
Wh-3,SKU-271,2021-06-01,1602.4011
Wh-3,SKU-272,2021-06-01,292.87463
Wh-3,SKU-273,2021-06-01,12.211481
Wh-3,SKU-274,2021-06-01,121.45637
Wh-3,SKU-275,2021-06-01,97.35331
Wh-3,SKU-277,2021-06-01,38.487946
Wh-3,SKU-278,2021-06-01,171.45851
Wh-3,SKU-279,2021-06-01,10.551604
Wh-3,SKU-280,2021-06-01,13.978853
Wh-3,SKU-281,2021-06-01,28.88917
Wh-3,SKU-282,2021-06-01,36.05473
Wh-3,SKU-283,2021-06-01,47.02407
Wh-3,SKU-375,2021-06-01,77.11015
Wh-3,SKU-376,2021-06-01,21.59446
Wh-3,SKU-284,2021-06-01,25.624205
Wh-3,SKU-285,2021-06-01,14.90101
Wh-3,SKU-377,2021-06-01,35.441967
Wh-3,SKU-378,2021-06-01,49.75805
Wh-3,SKU-123,2021-06-01,151.3827
Wh-3,SKU-289,2021-06-01,81.293396
Wh-3,SKU-124,2021-06-01,355.9727
Wh-3,SKU-339,2021-06-01,87.458305
Wh-3,SKU-341,2021-06-01,27.559904
Wh-3,SKU-290,2021-06-01,69.873276
Wh-3,SKU-126,2021-06-01,46.983982
Wh-3,SKU-127,2021-06-01,97.33917
Wh-3,SKU-291,2021-06-01,7.7707157
Wh-3,SKU-343,2021-06-01,124.88525
Wh-3,SKU-292,2021-06-01,175.02194
Wh-3,SKU-128,2021-06-01,56.008003
Wh-3,SKU-379,2021-06-01,232.90028
Wh-3,SKU-380,2021-06-01,61.07765
Wh-3,SKU-381,2021-06-01,21.002356
Wh-3,SKU-132,2021-06-01,289.76993
Wh-3,SKU-133,2021-06-01,171.06142
Wh-3,SKU-134,2021-06-01,229.44562
Wh-3,SKU-382,2021-06-01,62.862793
Wh-3,SKU-383,2021-06-01,53.6244
Wh-3,SKU-137,2021-06-01,107.7595
Wh-3,SKU-139,2021-06-01,28.8291
Wh-3,SKU-140,2021-06-01,234.9273
Wh-3,SKU-141,2021-06-01,105.6836
Wh-3,SKU-144,2021-06-01,58.269344
Wh-3,SKU-145,2021-06-01,67.01696
Wh-3,SKU-146,2021-06-01,47.980034
Wh-3,SKU-384,2021-06-01,22.64181
Wh-3,SKU-385,2021-06-01,13.411308
Wh-3,SKU-386,2021-06-01,27.634466
Wh-3,SKU-147,2021-06-01,161.84236
Wh-3,SKU-293,2021-06-01,50.51843
Wh-3,SKU-148,2021-06-01,67.41913
Wh-3,SKU-149,2021-06-01,219.63925
Wh-3,SKU-387,2021-06-01,29.60953
Wh-3,SKU-150,2021-06-01,158.8501
Wh-3,SKU-151,2021-06-01,1174.7933
Wh-3,SKU-388,2021-06-01,115.67367
Wh-3,SKU-152,2021-06-01,43.57569
Wh-3,SKU-154,2021-06-01,72.00406
Wh-3,SKU-155,2021-06-01,41.304386
Wh-3,SKU-156,2021-06-01,61.94351
Wh-3,SKU-389,2021-06-01,4.999987
Wh-3,SKU-157,2021-06-01,48.044327
Wh-3,SKU-390,2021-06-01,24.00001
Wh-3,SKU-158,2021-06-01,25.679266
Wh-3,SKU-159,2021-06-01,35.931103
Wh-3,SKU-160,2021-06-01,327.05716
Wh-3,SKU-161,2021-06-01,318.3936
Wh-3,SKU-162,2021-06-01,18.96994
Wh-3,SKU-163,2021-06-01,9.9978285
Wh-3,SKU-164,2021-06-01,7.5000877
Wh-3,SKU-165,2021-06-01,71.62059
Wh-3,SKU-166,2021-06-01,68.49176
Wh-3,SKU-167,2021-06-01,3.071648
Wh-3,SKU-168,2021-06-01,32.231327
Wh-3,SKU-297,2021-06-01,53.842995
Wh-3,SKU-169,2021-06-01,145.80809
Wh-3,SKU-391,2021-06-01,2.0
Wh-3,SKU-170,2021-06-01,89.25569
Wh-3,SKU-171,2021-06-01,33.000397
Wh-3,SKU-172,2021-06-01,12.692307
Wh-3,SKU-299,2021-06-01,58.50402
Wh-3,SKU-173,2021-06-01,363.13846
Wh-3,SKU-174,2021-06-01,4.1112537
Wh-3,SKU-175,2021-06-01,12.627069
Wh-3,SKU-176,2021-06-01,5.200626
Wh-3,SKU-177,2021-06-01,11.966981
Wh-3,SKU-178,2021-06-01,92.55869
Wh-3,SKU-179,2021-06-01,24.527092
Wh-3,SKU-180,2021-06-01,24.182482
Wh-3,SKU-181,2021-06-01,43.457787
Wh-3,SKU-182,2021-06-01,51.503323
Wh-3,SKU-183,2021-06-01,65.364586
Wh-3,SKU-184,2021-06-01,31.874405
Wh-3,SKU-185,2021-06-01,451.45886
Wh-3,SKU-300,2021-06-01,36.169544
Wh-3,SKU-301,2021-06-01,21.876156
Wh-3,SKU-186,2021-06-01,135.96892
Wh-3,SKU-392,2021-06-01,9.615385
Wh-3,SKU-187,2021-06-01,18.944574
Wh-3,SKU-302,2021-06-01,20.44191
Wh-3,SKU-188,2021-06-01,19.258038
Wh-3,SKU-189,2021-06-01,33.055016
Wh-3,SKU-190,2021-06-01,87.19308
Wh-3,SKU-192,2021-06-01,25.440363
Wh-3,SKU-193,2021-06-01,108.363205
Wh-3,SKU-194,2021-06-01,83.58887
Wh-3,SKU-195,2021-06-01,15.415974
Wh-3,SKU-196,2021-06-01,55.57198
Wh-3,SKU-197,2021-06-01,54.214127
Wh-3,SKU-198,2021-06-01,577.8217
Wh-3,SKU-199,2021-06-01,259.3592
Wh-3,SKU-200,2021-06-01,25.034184
Wh-3,SKU-201,2021-06-01,33.375355
Wh-3,SKU-202,2021-06-01,118.87094
Wh-3,SKU-203,2021-06-01,215.13794
Wh-3,SKU-393,2021-06-01,17.0
Wh-3,SKU-204,2021-06-01,44.394928
Wh-3,SKU-306,2021-06-01,24.342817
Wh-3,SKU-394,2021-06-01,19.0
Wh-3,SKU-395,2021-06-01,11.0
Wh-3,SKU-314,2021-06-01,323.74142
Wh-3,SKU-315,2021-06-01,56.994114
Wh-3,SKU-316,2021-06-01,11.00015
Wh-3,SKU-317,2021-06-01,232.73029
Wh-3,SKU-318,2021-06-01,6.200926
Wh-3,SKU-319,2021-06-01,247.89471
Wh-3,SKU-320,2021-06-01,68.86928
Wh-3,SKU-321,2021-06-01,75.8784
Wh-3,SKU-322,2021-06-01,203.95166
Wh-3,SKU-323,2021-06-01,12.000115
Wh-3,SKU-324,2021-06-01,2.0069072
Wh-3,SKU-325,2021-06-01,2.002285
Wh-3,SKU-326,2021-06-01,46.148796
Wh-3,SKU-396,2021-06-01,20.004116
Wh-3,SKU-397,2021-06-01,16.015703
Wh-3,SKU-398,2021-06-01,12.472921
Wh-3,SKU-399,2021-06-01,185.43211
Wh-3,SKU-400,2021-06-01,174.91415
Wh-3,SKU-205,2021-06-01,86.02173
Wh-3,SKU-206,2021-06-01,259.68036
Wh-3,SKU-207,2021-06-01,15.722174
Wh-3,SKU-208,2021-06-01,5.002558
Wh-3,SKU-209,2021-06-01,279.74622
Wh-3,SKU-210,2021-06-01,260.9225
Wh-3,SKU-211,2021-06-01,785.95886
Wh-3,SKU-214,2021-06-01,23.510359
Wh-3,SKU-215,2021-06-01,48.21298
Wh-3,SKU-217,2021-06-01,33.309322
Wh-3,SKU-218,2021-06-01,14.151781
Wh-3,SKU-219,2021-06-01,2.0000842
Wh-3,SKU-220,2021-06-01,31.747883
Wh-3,SKU-221,2021-06-01,15.302354
Wh-3,SKU-401,2021-06-01,35.051014
Wh-3,SKU-222,2021-06-01,117.7658
Wh-3,SKU-223,2021-06-01,18.861403
Wh-3,SKU-224,2021-06-01,1.5694407
Wh-3,SKU-225,2021-06-01,6.439303
Wh-3,SKU-226,2021-06-01,24.966177
Wh-3,SKU-402,2021-06-01,6.498072
Wh-3,SKU-227,2021-06-01,16.00871
Wh-3,SKU-229,2021-06-01,9.301285
Wh-3,SKU-230,2021-06-01,46.45833
Wh-3,SKU-231,2021-06-01,29.143549
Wh-3,SKU-232,2021-06-01,58.568165
Wh-3,SKU-233,2021-06-01,24.459227
Wh-4,SKU-1,2021-06-01,2360.87
Wh-4,SKU-2,2021-06-01,83.78994
Wh-4,SKU-3,2021-06-01,15.947214
Wh-4,SKU-4,2021-06-01,950.24774
Wh-4,SKU-5,2021-06-01,174.76506
Wh-4,SKU-6,2021-06-01,62.932747
Wh-4,SKU-7,2021-06-01,1100.359
Wh-4,SKU-8,2021-06-01,1576.3248
Wh-4,SKU-234,2021-06-01,31.387663
Wh-4,SKU-9,2021-06-01,338.66513
Wh-4,SKU-10,2021-06-01,311.2287
Wh-4,SKU-13,2021-06-01,646.711
Wh-4,SKU-17,2021-06-01,289.10635
Wh-4,SKU-327,2021-06-01,21.329601
Wh-4,SKU-19,2021-06-01,4.7872596
Wh-4,SKU-351,2021-06-01,16.824451
Wh-4,SKU-20,2021-06-01,11.376296
Wh-4,SKU-353,2021-06-01,17.576496
Wh-4,SKU-21,2021-06-01,180.51375
Wh-4,SKU-22,2021-06-01,12.83046
Wh-4,SKU-23,2021-06-01,16.143839
Wh-4,SKU-24,2021-06-01,37.30873
Wh-4,SKU-25,2021-06-01,59.569847
Wh-4,SKU-26,2021-06-01,188.86853
Wh-4,SKU-27,2021-06-01,130.12675
Wh-4,SKU-28,2021-06-01,52.538864
Wh-4,SKU-29,2021-06-01,218.51102
Wh-4,SKU-30,2021-06-01,466.55978
Wh-4,SKU-31,2021-06-01,121.66992
Wh-4,SKU-32,2021-06-01,315.0866
Wh-4,SKU-33,2021-06-01,196.35475
Wh-4,SKU-237,2021-06-01,26.902042
Wh-4,SKU-34,2021-06-01,63.68671
Wh-4,SKU-239,2021-06-01,137.84003
Wh-4,SKU-240,2021-06-01,207.70447
Wh-4,SKU-354,2021-06-01,46.273636
Wh-4,SKU-35,2021-06-01,17.186842
Wh-4,SKU-36,2021-06-01,145.24158
Wh-4,SKU-37,2021-06-01,377.47278
Wh-4,SKU-39,2021-06-01,19.727217
Wh-4,SKU-40,2021-06-01,233.9834
Wh-4,SKU-41,2021-06-01,115.666046
Wh-4,SKU-243,2021-06-01,66.27261
Wh-4,SKU-42,2021-06-01,177.97043
Wh-4,SKU-43,2021-06-01,6.437757
Wh-4,SKU-44,2021-06-01,85.59562
Wh-4,SKU-45,2021-06-01,29.318392
Wh-4,SKU-46,2021-06-01,88.56153
Wh-4,SKU-47,2021-06-01,406.7931
Wh-4,SKU-50,2021-06-01,117.63775
Wh-4,SKU-51,2021-06-01,160.0765
Wh-4,SKU-53,2021-06-01,260.2689
Wh-4,SKU-54,2021-06-01,88.3074
Wh-4,SKU-55,2021-06-01,202.2139
Wh-4,SKU-56,2021-06-01,477.27774
Wh-4,SKU-57,2021-06-01,81.0381
Wh-4,SKU-58,2021-06-01,96.78502
Wh-4,SKU-59,2021-06-01,352.40863
Wh-4,SKU-60,2021-06-01,54.40835
Wh-4,SKU-61,2021-06-01,430.89423
Wh-4,SKU-62,2021-06-01,86.61834
Wh-4,SKU-63,2021-06-01,385.65393
Wh-4,SKU-416,2021-06-01,60.026867
Wh-4,SKU-64,2021-06-01,179.08893
Wh-4,SKU-65,2021-06-01,65.90336
Wh-4,SKU-66,2021-06-01,64.102684
Wh-4,SKU-67,2021-06-01,299.32404
Wh-4,SKU-244,2021-06-01,42.624012
Wh-4,SKU-69,2021-06-01,210.16096
Wh-4,SKU-70,2021-06-01,56.24263
Wh-4,SKU-71,2021-06-01,23.031181
Wh-4,SKU-72,2021-06-01,22.436157
Wh-4,SKU-73,2021-06-01,15.063743
Wh-4,SKU-74,2021-06-01,28.129196
Wh-4,SKU-245,2021-06-01,237.36807
Wh-4,SKU-246,2021-06-01,15.631345
Wh-4,SKU-76,2021-06-01,7.5833726
Wh-4,SKU-77,2021-06-01,15.310621
Wh-4,SKU-78,2021-06-01,72.528175
Wh-4,SKU-79,2021-06-01,89.04756
Wh-4,SKU-248,2021-06-01,40.460903
Wh-4,SKU-404,2021-06-01,256.3743
Wh-4,SKU-417,2021-06-01,47.778908
Wh-4,SKU-80,2021-06-01,465.6955
Wh-4,SKU-81,2021-06-01,458.98163
Wh-4,SKU-82,2021-06-01,255.03651
Wh-4,SKU-84,2021-06-01,99.79335
Wh-4,SKU-86,2021-06-01,52.28954
Wh-4,SKU-250,2021-06-01,105.65215
Wh-4,SKU-87,2021-06-01,13.991348
Wh-4,SKU-359,2021-06-01,121.7861
Wh-4,SKU-88,2021-06-01,711.07135
Wh-4,SKU-251,2021-06-01,414.81387
Wh-4,SKU-361,2021-06-01,61.12458
Wh-4,SKU-89,2021-06-01,68.59932
Wh-4,SKU-90,2021-06-01,99.59764
Wh-4,SKU-92,2021-06-01,35.02918
Wh-4,SKU-93,2021-06-01,10.066686
Wh-4,SKU-95,2021-06-01,20.194614
Wh-4,SKU-418,2021-06-01,27.73831
Wh-4,SKU-97,2021-06-01,426.29352
Wh-4,SKU-98,2021-06-01,161.07718
Wh-4,SKU-252,2021-06-01,342.6271
Wh-4,SKU-253,2021-06-01,245.05527
Wh-4,SKU-362,2021-06-01,189.49869
Wh-4,SKU-419,2021-06-01,39.72596
Wh-4,SKU-254,2021-06-01,185.88934
Wh-4,SKU-331,2021-06-01,204.22476
Wh-4,SKU-255,2021-06-01,141.41896
Wh-4,SKU-332,2021-06-01,153.03236
Wh-4,SKU-256,2021-06-01,133.84647
Wh-4,SKU-257,2021-06-01,237.84923
Wh-4,SKU-368,2021-06-01,28.342579
Wh-4,SKU-258,2021-06-01,301.26212
Wh-4,SKU-373,2021-06-01,309.90836
Wh-4,SKU-259,2021-06-01,159.72302
Wh-4,SKU-260,2021-06-01,101.36359
Wh-4,SKU-261,2021-06-01,68.133385
Wh-4,SKU-263,2021-06-01,167.35902
Wh-4,SKU-264,2021-06-01,2533.7065
Wh-4,SKU-267,2021-06-01,130.45862
Wh-4,SKU-268,2021-06-01,452.00916
Wh-4,SKU-269,2021-06-01,292.55502
Wh-4,SKU-270,2021-06-01,409.28424
Wh-4,SKU-271,2021-06-01,1698.2577
Wh-4,SKU-272,2021-06-01,83.94255
Wh-4,SKU-420,2021-06-01,108.866325
Wh-4,SKU-273,2021-06-01,96.96169
Wh-4,SKU-274,2021-06-01,398.58508
Wh-4,SKU-275,2021-06-01,326.52094
Wh-4,SKU-276,2021-06-01,12.981485
Wh-4,SKU-277,2021-06-01,185.75117
Wh-4,SKU-278,2021-06-01,54.63833
Wh-4,SKU-279,2021-06-01,187.16968
Wh-4,SKU-280,2021-06-01,301.4922
Wh-4,SKU-281,2021-06-01,50.9994
Wh-4,SKU-282,2021-06-01,112.788666
Wh-4,SKU-375,2021-06-01,17.823978
Wh-4,SKU-284,2021-06-01,61.37511
Wh-4,SKU-285,2021-06-01,27.43498
Wh-4,SKU-377,2021-06-01,23.967701
Wh-4,SKU-286,2021-06-01,74.274734
Wh-4,SKU-421,2021-06-01,15.0020275
Wh-4,SKU-101,2021-06-01,250.77136
Wh-4,SKU-102,2021-06-01,138.77707
Wh-4,SKU-103,2021-06-01,173.08913
Wh-4,SKU-104,2021-06-01,106.18877
Wh-4,SKU-105,2021-06-01,132.48418
Wh-4,SKU-106,2021-06-01,564.6731
Wh-4,SKU-107,2021-06-01,148.09003
Wh-4,SKU-108,2021-06-01,424.83563
Wh-4,SKU-109,2021-06-01,205.06061
Wh-4,SKU-110,2021-06-01,36.24601
Wh-4,SKU-111,2021-06-01,214.76175
Wh-4,SKU-112,2021-06-01,35.12247
Wh-4,SKU-113,2021-06-01,266.84573
Wh-4,SKU-114,2021-06-01,21.14158
Wh-4,SKU-115,2021-06-01,14.788719
Wh-4,SKU-116,2021-06-01,24.568712
Wh-4,SKU-117,2021-06-01,16.704315
Wh-4,SKU-287,2021-06-01,19.038412
Wh-4,SKU-121,2021-06-01,438.34985
Wh-4,SKU-122,2021-06-01,226.763
Wh-4,SKU-422,2021-06-01,23.018723
Wh-4,SKU-288,2021-06-01,127.3216
Wh-4,SKU-423,2021-06-01,28.847797
Wh-4,SKU-424,2021-06-01,23.29459
Wh-4,SKU-425,2021-06-01,129.48969
Wh-4,SKU-426,2021-06-01,60.578312
Wh-4,SKU-123,2021-06-01,46.928158
Wh-4,SKU-289,2021-06-01,17.910261
Wh-4,SKU-427,2021-06-01,64.979965
Wh-4,SKU-406,2021-06-01,73.41186
Wh-4,SKU-124,2021-06-01,3298.099
Wh-4,SKU-338,2021-06-01,25.500414
Wh-4,SKU-428,2021-06-01,53.797745
Wh-4,SKU-339,2021-06-01,484.4249
Wh-4,SKU-126,2021-06-01,14.1052885
Wh-4,SKU-127,2021-06-01,338.745
Wh-4,SKU-128,2021-06-01,141.09474
Wh-4,SKU-129,2021-06-01,233.18869
Wh-4,SKU-131,2021-06-01,384.49643
Wh-4,SKU-132,2021-06-01,53.040367
Wh-4,SKU-133,2021-06-01,537.4916
Wh-4,SKU-134,2021-06-01,277.5462
Wh-4,SKU-136,2021-06-01,817.20197
Wh-4,SKU-137,2021-06-01,374.11877
Wh-4,SKU-344,2021-06-01,36.000904
Wh-4,SKU-140,2021-06-01,1300.7856
Wh-4,SKU-141,2021-06-01,255.83069
Wh-4,SKU-429,2021-06-01,7.301813
Wh-4,SKU-144,2021-06-01,99.11563
Wh-4,SKU-384,2021-06-01,57.16718
Wh-4,SKU-430,2021-06-01,151.13193
Wh-4,SKU-431,2021-06-01,211.13058
Wh-4,SKU-432,2021-06-01,9.089109
Wh-4,SKU-385,2021-06-01,75.32685
Wh-4,SKU-386,2021-06-01,98.22218
Wh-4,SKU-147,2021-06-01,212.57889
Wh-4,SKU-148,2021-06-01,114.07091
Wh-4,SKU-149,2021-06-01,69.65857
Wh-4,SKU-387,2021-06-01,57.010303
Wh-4,SKU-150,2021-06-01,372.40057
Wh-4,SKU-151,2021-06-01,735.92993
Wh-4,SKU-152,2021-06-01,974.7277
Wh-4,SKU-154,2021-06-01,0.88935006
Wh-4,SKU-155,2021-06-01,73.38923
Wh-4,SKU-156,2021-06-01,16.173971
Wh-4,SKU-157,2021-06-01,47.834923
Wh-4,SKU-158,2021-06-01,54.668526
Wh-4,SKU-159,2021-06-01,20.29796
Wh-4,SKU-160,2021-06-01,101.59354
Wh-4,SKU-161,2021-06-01,33.21542
Wh-4,SKU-162,2021-06-01,4.5001497
Wh-4,SKU-163,2021-06-01,18.920017
Wh-4,SKU-164,2021-06-01,11.800012
Wh-4,SKU-165,2021-06-01,99.783676
Wh-4,SKU-166,2021-06-01,59.73289
Wh-4,SKU-167,2021-06-01,26.217684
Wh-4,SKU-297,2021-06-01,15.270139
Wh-4,SKU-169,2021-06-01,10.60017
Wh-4,SKU-170,2021-06-01,72.56756
Wh-4,SKU-171,2021-06-01,7.9495687
Wh-4,SKU-172,2021-06-01,11.0
Wh-4,SKU-173,2021-06-01,83.24557
Wh-4,SKU-174,2021-06-01,17.869556
Wh-4,SKU-175,2021-06-01,9.992634
Wh-4,SKU-176,2021-06-01,6.500037
Wh-4,SKU-177,2021-06-01,7.5246034
Wh-4,SKU-178,2021-06-01,8.149124
Wh-4,SKU-179,2021-06-01,23.956787
Wh-4,SKU-180,2021-06-01,2.0010624
Wh-4,SKU-182,2021-06-01,25.25923
Wh-4,SKU-183,2021-06-01,11.001438
Wh-4,SKU-184,2021-06-01,8.737457
Wh-4,SKU-185,2021-06-01,69.78627
Wh-4,SKU-186,2021-06-01,68.89778
Wh-4,SKU-187,2021-06-01,17.148045
Wh-4,SKU-190,2021-06-01,15.808153
Wh-4,SKU-193,2021-06-01,28.810179
Wh-4,SKU-194,2021-06-01,149.47462
Wh-4,SKU-196,2021-06-01,146.96649
Wh-4,SKU-199,2021-06-01,106.97057
Wh-4,SKU-200,2021-06-01,10.102157
Wh-4,SKU-201,2021-06-01,25.990393
Wh-4,SKU-202,2021-06-01,9.540403
Wh-4,SKU-203,2021-06-01,49.0744
Wh-4,SKU-204,2021-06-01,56.474144
Wh-4,SKU-314,2021-06-01,15.500686
Wh-4,SKU-315,2021-06-01,7.0455995
Wh-4,SKU-316,2021-06-01,19.559992
Wh-4,SKU-317,2021-06-01,6.750778
Wh-4,SKU-318,2021-06-01,12.22371
Wh-4,SKU-319,2021-06-01,82.07797
Wh-4,SKU-320,2021-06-01,9.67798
Wh-4,SKU-321,2021-06-01,44.12503
Wh-4,SKU-322,2021-06-01,42.154938
Wh-4,SKU-324,2021-06-01,13.918259
Wh-4,SKU-325,2021-06-01,7.998372
Wh-4,SKU-326,2021-06-01,158.59476
Wh-4,SKU-396,2021-06-01,10.00021
Wh-4,SKU-397,2021-06-01,29.85405
Wh-4,SKU-433,2021-06-01,8.153846
Wh-4,SKU-399,2021-06-01,38.902634
Wh-4,SKU-205,2021-06-01,65.44862
Wh-4,SKU-206,2021-06-01,887.7611
Wh-4,SKU-434,2021-06-01,12.93735
Wh-4,SKU-208,2021-06-01,18.011883
Wh-4,SKU-211,2021-06-01,445.67538
Wh-4,SKU-212,2021-06-01,8.002077
Wh-4,SKU-214,2021-06-01,5.578967
Wh-4,SKU-215,2021-06-01,130.7429
Wh-4,SKU-217,2021-06-01,20.205336
Wh-4,SKU-218,2021-06-01,5.049413
Wh-4,SKU-219,2021-06-01,66.079956
Wh-4,SKU-220,2021-06-01,105.6252
Wh-4,SKU-221,2021-06-01,25.240604
Wh-4,SKU-224,2021-06-01,225.50089
Wh-4,SKU-225,2021-06-01,436.03995
Wh-4,SKU-226,2021-06-01,58.79332
Wh-4,SKU-228,2021-06-01,26.33631
Wh-4,SKU-229,2021-06-01,396.33084
Wh-4,SKU-230,2021-06-01,28.643888
Wh-4,SKU-231,2021-06-01,13.000401
Wh-4,SKU-232,2021-06-01,13.669983
Wh-4,SKU-233,2021-06-01,55.049164
